Month,Payment,Principal,Interest,Remaining Balance
1,10038.89,7222.22,2816.67,1292777.78
2,10023.24,7222.22,2801.02,1285555.56
3,10007.59,7222.22,2785.37,1278333.33
4,9991.94,7222.22,2769.72,1271111.11
5,9976.30,7222.22,2754.07,1263888.89
6,9960.65,7222.22,2738.43,1256666.67
7,9945.00,7222.22,2722.78,1249444.44
8,9929.35,7222.22,2707.13,1242222.22
9,9913.70,7222.22,2691.48,1235000.00
10,9898.06,7222.22,2675.83,1227777.78
11,9882.41,7222.22,2660.19,1220555.56
12,9866.76,7222.22,2644.54,1213333.33
13,9851.11,7222.22,2628.89,1206111.11
14,9835.46,7222.22,2613.24,1198888.89
15,9819.81,7222.22,2597.59,1191666.67
16,9804.17,7222.22,2581.94,1184444.44
17,9788.52,7222.22,2566.30,1177222.22
18,9772.87,7222.22,2550.65,1170000.00
19,9757.22,7222.22,2535.00,1162777.78
20,9741.57,7222.22,2519.35,1155555.56
21,9725.93,7222.22,2503.70,1148333.33
22,9710.28,7222.22,2488.06,1141111.11
23,9694.63,7222.22,2472.41,1133888.89
24,9678.98,7222.22,2456.76,1126666.67
25,9663.33,7222.22,2441.11,1119444.44
26,9647.69,7222.22,2425.46,1112222.22
27,9632.04,7222.22,2409.81,1105000.00
28,9616.39,7222.22,2394.17,1097777.78
29,9600.74,7222.22,2378.52,1090555.56
30,9585.09,7222.22,2362.87,1083333.33
31,9569.44,7222.22,2347.22,1076111.11
32,9553.80,7222.22,2331.57,1068888.89
33,9538.15,7222.22,2315.93,1061666.67
34,9522.50,7222.22,2300.28,1054444.44
35,9506.85,7222.22,2284.63,1047222.22
36,9491.20,7222.22,2268.98,1040000.00
37,9475.56,7222.22,2253.33,1032777.78
38,9459.91,7222.22,2237.69,1025555.56
39,9444.26,7222.22,2222.04,1018333.33
40,9428.61,7222.22,2206.39,1011111.11
41,9412.96,7222.22,2190.74,1003888.89
42,9397.31,7222.22,2175.09,996666.67
43,9381.67,7222.22,2159.44,989444.44
44,9366.02,7222.22,2143.80,982222.22
45,9350.37,7222.22,2128.15,975000.00
46,9334.72,7222.22,2112.50,967777.78
47,9319.07,7222.22,2096.85,960555.56
48,9303.43,7222.22,2081.20,953333.33
49,9287.78,7222.22,2065.56,946111.11
50,9272.13,7222.22,2049.91,938888.89
51,9256.48,7222.22,2034.26,931666.67
52,9240.83,7222.22,2018.61,924444.44
53,9225.19,7222.22,2002.96,917222.22
54,9209.54,7222.22,1987.31,910000.00
55,9193.89,7222.22,1971.67,902777.78
56,9178.24,7222.22,1956.02,895555.56
57,9162.59,7222.22,1940.37,888333.33
58,9146.94,7222.22,1924.72,881111.11
59,9131.30,7222.22,1909.07,873888.89
60,9115.65,7222.22,1893.43,866666.67
61,9100.00,7222.22,1877.78,859444.44
62,9084.35,7222.22,1862.13,852222.22
63,9068.70,7222.22,1846.48,845000.00
64,9053.06,7222.22,1830.83,837777.78
65,9037.41,7222.22,1815.19,830555.56
66,9021.76,7222.22,1799.54,823333.33
67,9006.11,7222.22,1783.89,816111.11
68,8990.46,7222.22,1768.24,808888.89
69,8974.81,7222.22,1752.59,801666.67
70,8959.17,7222.22,1736.94,794444.44
71,8943.52,7222.22,1721.30,787222.22
72,8927.87,7222.22,1705.65,780000.00
73,8912.22,7222.22,1690.00,772777.78
74,8896.57,7222.22,1674.35,765555.56
75,8880.93,7222.22,1658.70,758333.33
76,8865.28,7222.22,1643.06,751111.11
77,8849.63,7222.22,1627.41,743888.89
78,8833.98,7222.22,1611.76,736666.67
79,8818.33,7222.22,1596.11,729444.44
80,8802.69,7222.22,1580.46,722222.22
81,8787.04,7222.22,1564.81,715000.00
82,8771.39,7222.22,1549.17,707777.78
83,8755.74,7222.22,1533.52,700555.56
84,8740.09,7222.22,1517.87,693333.33
85,8724.44,7222.22,1502.22,686111.11
86,8708.80,7222.22,1486.57,678888.89
87,8693.15,7222.22,1470.93,671666.67
88,8677.50,7222.22,1455.28,664444.44
89,8661.85,7222.22,1439.63,657222.22
90,8646.20,7222.22,1423.98,650000.00
91,8630.56,7222.22,1408.33,642777.78
92,8614.91,7222.22,1392.69,635555.56
93,8599.26,7222.22,1377.04,628333.33
94,8583.61,7222.22,1361.39,621111.11
95,8567.96,7222.22,1345.74,613888.89
96,8552.31,7222.22,1330.09,606666.67
97,8536.67,7222.22,1314.44,599444.44
98,8521.02,7222.22,1298.80,592222.22
99,8505.37,7222.22,1283.15,585000.00
100,8489.72,7222.22,1267.50,577777.78
101,8474.07,7222.22,1251.85,570555.56
102,8458.43,7222.22,1236.20,563333.33
103,8442.78,7222.22,1220.56,556111.11
104,8427.13,7222.22,1204.91,548888.89
105,8411.48,7222.22,1189.26,541666.67
106,8395.83,7222.22,1173.61,534444.44
107,8380.19,7222.22,1157.96,527222.22
108,8364.54,7222.22,1142.31,520000.00
109,8348.89,7222.22,1126.67,512777.78
110,8333.24,7222.22,1111.02,505555.56
111,8317.59,7222.22,1095.37,498333.33
112,8301.94,7222.22,1079.72,491111.11
113,8286.30,7222.22,1064.07,483888.89
114,8270.65,7222.22,1048.43,476666.67
115,8255.00,7222.22,1032.78,469444.44
116,8239.35,7222.22,1017.13,462222.22
117,8223.70,7222.22,1001.48,455000.00
118,8208.06,7222.22,985.83,447777.78
119,8192.41,7222.22,970.19,440555.56
120,8176.76,7222.22,954.54,433333.33
121,8161.11,7222.22,938.89,426111.11
122,8145.46,7222.22,923.24,418888.89
123,8129.81,7222.22,907.59,411666.67
124,8114.17,7222.22,891.94,404444.44
125,8098.52,7222.22,876.30,397222.22
126,8082.87,7222.22,860.65,390000.00
127,8067.22,7222.22,845.00,382777.78
128,8051.57,7222.22,829.35,375555.56
129,8035.93,7222.22,813.70,368333.33
130,8020.28,7222.22,798.06,361111.11
131,8004.63,7222.22,782.41,353888.89
132,7988.98,7222.22,766.76,346666.67
133,7973.33,7222.22,751.11,339444.44
134,7957.69,7222.22,735.46,332222.22
135,7942.04,7222.22,719.81,325000.00
136,7926.39,7222.22,704.17,317777.78
137,7910.74,7222.22,688.52,310555.56
138,7895.09,7222.22,672.87,303333.33
139,7879.44,7222.22,657.22,296111.11
140,7863.80,7222.22,641.57,288888.89
141,7848.15,7222.22,625.93,281666.67
142,7832.50,7222.22,610.28,274444.44
143,7816.85,7222.22,594.63,267222.22
144,7801.20,7222.22,578.98,260000.00
145,7785.56,7222.22,563.33,252777.78
146,7769.91,7222.22,547.69,245555.56
147,7754.26,7222.22,532.04,238333.33
148,7738.61,7222.22,516.39,231111.11
149,7722.96,7222.22,500.74,223888.89
150,7707.31,7222.22,485.09,216666.67
151,7691.67,7222.22,469.44,209444.44
152,7676.02,7222.22,453.80,202222.22
153,7660.37,7222.22,438.15,195000.00
154,7644.72,7222.22,422.50,187777.78
155,7629.07,7222.22,406.85,180555.56
156,7613.43,7222.22,391.20,173333.33
157,7597.78,7222.22,375.56,166111.11
158,7582.13,7222.22,359.91,158888.89
159,7566.48,7222.22,344.26,151666.67
160,7550.83,7222.22,328.61,144444.44
161,7535.19,7222.22,312.96,137222.22
162,7519.54,7222.22,297.31,130000.00
163,7503.89,7222.22,281.67,122777.78
164,7488.24,7222.22,266.02,115555.56
165,7472.59,7222.22,250.37,108333.33
166,7456.94,7222.22,234.72,101111.11
167,7441.30,7222.22,219.07,93888.89
168,7425.65,7222.22,203.43,86666.67
169,7410.00,7222.22,187.78,79444.44
170,7394.35,7222.22,172.13,72222.22
171,7378.70,7222.22,156.48,65000.00
172,7363.06,7222.22,140.83,57777.78
173,7347.41,7222.22,125.19,50555.56
174,7331.76,7222.22,109.54,43333.33
175,7316.11,7222.22,93.89,36111.11
176,7300.46,7222.22,78.24,28888.89
177,7284.81,7222.22,62.59,21666.67
178,7269.17,7222.22,46.94,14444.44
179,7253.52,7222.22,31.30,7222.22
180,7237.87,7222.22,15.65,-0.00
